name,Evolution_Stage
Bulbasaur,1
Ivysaur,2
Venusaur,3
Charmander,1
Charmeleon,2
Charizard,3
Squirtle,1
Wartortle,2
Blastoise,3
Caterpie,1
Metapod,2
Butterfree,3
Weedle,1
Kakuna,2
Beedrill,3
Pidgey,1
Pidgeotto,2
Pidgeot,3
Rattata,1
Raticate,2
Spearow,1
Fearow,2
Ekans,1
Arbok,2
Pichu,1
Pikachu,2
Raichu,3
Sandshrew,1
Sandslash,2
Nidoran-f,1
Nidorina,2
Nidoqueen,3
Nidoran-m,1
Nidorino,2
Nidoking,3
Cleffa,1
Clefairy,2
Clefable,3
Vulpix,1
Ninetales,2
Igglybuff,1
Jigglypuff,2
Wigglytuff,3
Zubat,1
Golbat,2
Crobat,3
Oddish,1
Gloom,2
Vileplume,3
Bellossom,3
Paras,1
Parasect,2
Venonat,1
Venomoth,2
Diglett,1
Dugtrio,2
Meowth,1
Persian,2
Perrserker,2
Psyduck,1
Golduck,2
Mankey,1
Primeape,2
Annihilape,3
Growlithe,1
Arcanine,2
Poliwag,1
Poliwhirl,2
Poliwrath,3
Politoed,3
Abra,1
Kadabra,2
Alakazam,3
Machop,1
Machoke,2
Machamp,3
Bellsprout,1
Weepinbell,2
Victreebel,3
Tentacool,1
Tentacruel,2
Geodude,1
Graveler,2
Golem,3
Ponyta,1
Rapidash,2
Slowpoke,1
Slowbro,2
Slowking,2
Magnemite,1
Magneton,2
Magnezone,3
Farfetchd,1
Sirfetchd,2
Doduo,1
Dodrio,2
Seel,1
Dewgong,2
Grimer,1
Muk,2
Shellder,1
Cloyster,2
Gastly,1
Haunter,2
Gengar,3
Onix,1
Steelix,2
Drowzee,1
Hypno,2
Krabby,1
Kingler,2
Voltorb,1
Electrode,2
Exeggcute,1
Exeggutor,2
Cubone,1
Marowak,2
Tyrogue,1
Hitmonlee,2
Hitmonchan,2
Hitmontop,2
Lickitung,1
Lickilicky,2
Koffing,1
Weezing,2
Rhyhorn,1
Rhydon,2
Rhyperior,3
Happiny,1
Chansey,2
Blissey,3
Tangela,1
Tangrowth,2
Kangaskhan,1
Horsea,1
Seadra,2
Kingdra,3
Goldeen,1
Seaking,2
Staryu,1
Starmie,2
Mime-jr,1
Mr-mime,2
Mr-rime,3
Scyther,1
Scizor,2
Kleavor,2
Smoochum,1
Jynx,2
Elekid,1
Electabuzz,2
Electivire,3
Magby,1
Magmar,2
Magmortar,3
Pinsir,1
Tauros,1
Magikarp,1
Gyarados,2
Lapras,1
Ditto,1
Eevee,1
Vaporeon,2
Jolteon,2
Flareon,2
Espeon,2
Umbreon,2
Leafeon,2
Glaceon,2
Sylveon,2
Porygon,1
Porygon2,2
Porygon-z,3
Omanyte,1
Omastar,2
Kabuto,1
Kabutops,2
Aerodactyl,1
Munchlax,1
Snorlax,2
Articuno,1
Zapdos,1
Moltres,1
Dratini,1
Dragonair,2
Dragonite,3
Mewtwo,1
Mew,1
Chikorita,1
Bayleef,2
Meganium,3
Cyndaquil,1
Quilava,2
Typhlosion,3
Totodile,1
Croconaw,2
Feraligatr,3
Sentret,1
Furret,2
Hoothoot,1
Noctowl,2
Ledyba,1
Ledian,2
Spinarak,1
Ariados,2
Chinchou,1
Lanturn,2
Togepi,1
Togetic,2
Togekiss,3
Natu,1
Xatu,2
Mareep,1
Flaaffy,2
Ampharos,3
Azurill,1
Marill,2
Azumarill,3
Bonsly,1
Sudowoodo,2
Hoppip,1
Skiploom,2
Jumpluff,3
Aipom,1
Ambipom,2
Sunkern,1
Sunflora,2
Yanma,1
Yanmega,2
Wooper,1
Quagsire,2
Clodsire,2
Murkrow,1
Honchkrow,2
Misdreavus,1
Mismagius,2
Unown,1
Wynaut,1
Wobbuffet,2
Girafarig,1
Farigiraf,2
Pineco,1
Forretress,2
Dunsparce,1
Dudunsparce,2
Gligar,1
Gliscor,2
Snubbull,1
Granbull,2
Qwilfish,1
Overqwil,2
Shuckle,1
Heracross,1
Sneasel,1
Weavile,2
Sneasler,2
Teddiursa,1
Ursaring,2
Ursaluna,3
Slugma,1
Magcargo,2
Swinub,1
Piloswine,2
Mamoswine,3
Corsola,1
Cursola,2
Remoraid,1
Octillery,2
Delibird,1
Mantyke,1
Mantine,2
Skarmory,1
Houndour,1
Houndoom,2
Phanpy,1
Donphan,2
Stantler,1
Wyrdeer,2
Smeargle,1
Miltank,1
Raikou,1
Entei,1
Suicune,1
Larvitar,1
Pupitar,2
Tyranitar,3
Lugia,1
Ho-oh,1
Celebi,1
Treecko,1
Grovyle,2
Sceptile,3
Torchic,1
Combusken,2
Blaziken,3
Mudkip,1
Marshtomp,2
Swampert,3
Poochyena,1
Mightyena,2
Zigzagoon,1
Linoone,2
Obstagoon,3
Wurmple,1
Silcoon,2
Beautifly,3
Cascoon,2
Dustox,3
Lotad,1
Lombre,2
Ludicolo,3
Seedot,1
Nuzleaf,2
Shiftry,3
Taillow,1
Swellow,2
Wingull,1
Pelipper,2
Ralts,1
Kirlia,2
Gardevoir,3
Gallade,3
Surskit,1
Masquerain,2
Shroomish,1
Breloom,2
Slakoth,1
Vigoroth,2
Slaking,3
Nincada,1
Ninjask,2
Shedinja,2
Whismur,1
Loudred,2
Exploud,3
Makuhita,1
Hariyama,2
Nosepass,1
Probopass,2
Skitty,1
Delcatty,2
Sableye,1
Mawile,1
Aron,1
Lairon,2
Aggron,3
Meditite,1
Medicham,2
Electrike,1
Manectric,2
Plusle,1
Minun,1
Volbeat,1
Illumise,1
Budew,1
Roselia,2
Roserade,3
Gulpin,1
Swalot,2
Carvanha,1
Sharpedo,2
Wailmer,1
Wailord,2
Numel,1
Camerupt,2
Torkoal,1
Spoink,1
Grumpig,2
Spinda,1
Trapinch,1
Vibrava,2
Flygon,3
Cacnea,1
Cacturne,2
Swablu,1
Altaria,2
Zangoose,1
Seviper,1
Lunatone,1
Solrock,1
Barboach,1
Whiscash,2
Corphish,1
Crawdaunt,2
Baltoy,1
Claydol,2
Lileep,1
Cradily,2
Anorith,1
Armaldo,2
Feebas,1
Milotic,2
Castform,1
Kecleon,1
Shuppet,1
Banette,2
Duskull,1
Dusclops,2
Dusknoir,3
Tropius,1
Chingling,1
Chimecho,2
Absol,1
Snorunt,1
Glalie,2
Froslass,2
Spheal,1
Sealeo,2
Walrein,3
Clamperl,1
Huntail,2
Gorebyss,2
Relicanth,1
Luvdisc,1
Bagon,1
Shelgon,2
Salamence,3
Beldum,1
Metang,2
Metagross,3
Regirock,1
Regice,1
Registeel,1
Latias,1
Latios,1
Kyogre,1
Groudon,1
Rayquaza,1
Jirachi,1
Deoxys,1
Turtwig,1
Grotle,2
Torterra,3
Chimchar,1
Monferno,2
Infernape,3
Piplup,1
Prinplup,2
Empoleon,3
Starly,1
Staravia,2
Staraptor,3
Bidoof,1
Bibarel,2
Kricketot,1
Kricketune,2
Shinx,1
Luxio,2
Luxray,3
Cranidos,1
Rampardos,2
Shieldon,1
Bastiodon,2
Burmy,1
Wormadam,2
Mothim,2
Combee,1
Vespiquen,2
Pachirisu,1
Buizel,1
Floatzel,2
Cherubi,1
Cherrim,2
Shellos,1
Gastrodon,2
Drifloon,1
Drifblim,2
Buneary,1
Lopunny,2
Glameow,1
Purugly,2
Stunky,1
Skuntank,2
Bronzor,1
Bronzong,2
Chatot,1
Spiritomb,1
Gible,1
Gabite,2
Garchomp,3
Riolu,1
Lucario,2
Hippopotas,1
Hippowdon,2
Skorupi,1
Drapion,2
Croagunk,1
Toxicroak,2
Carnivine,1
Finneon,1
Lumineon,2
Snover,1
Abomasnow,2
Rotom,1
Uxie,1
Mesprit,1
Azelf,1
Dialga,1
Palkia,1
Heatran,1
Regigigas,1
Giratina,1
Cresselia,1
Phione,1
Manaphy,2
Darkrai,1
Shaymin,1
Arceus,1
Victini,1
Snivy,1
Servine,2
Serperior,3
Tepig,1
Pignite,2
Emboar,3
Oshawott,1
Dewott,2
Samurott,3
Patrat,1
Watchog,2
Lillipup,1
Herdier,2
Stoutland,3
Purrloin,1
Liepard,2
Pansage,1
Simisage,2
Pansear,1
Simisear,2
Panpour,1
Simipour,2
Munna,1
Musharna,2
Pidove,1
Tranquill,2
Unfezant,3
Blitzle,1
Zebstrika,2
Roggenrola,1
Boldore,2
Gigalith,3
Woobat,1
Swoobat,2
Drilbur,1
Excadrill,2
Audino,1
Timburr,1
Gurdurr,2
Conkeldurr,3
Tympole,1
Palpitoad,2
Seismitoad,3
Throh,1
Sawk,1
Sewaddle,1
Swadloon,2
Leavanny,3
Venipede,1
Whirlipede,2
Scolipede,3
Cottonee,1
Whimsicott,2
Petilil,1
Lilligant,2
Basculin,1
Basculegion,2
Sandile,1
Krokorok,2
Krookodile,3
Darumaka,1
Darmanitan,2
Maractus,1
Dwebble,1
Crustle,2
Scraggy,1
Scrafty,2
Sigilyph,1
Yamask,1
Cofagrigus,2
Runerigus,2
Tirtouga,1
Carracosta,2
Archen,1
Archeops,2
Trubbish,1
Garbodor,2
Zorua,1
Zoroark,2
Minccino,1
Cinccino,2
Gothita,1
Gothorita,2
Gothitelle,3
Solosis,1
Duosion,2
Reuniclus,3
Ducklett,1
Swanna,2
Vanillite,1
Vanillish,2
Vanilluxe,3
Deerling,1
Sawsbuck,2
Emolga,1
Karrablast,1
Escavalier,2
Foongus,1
Amoonguss,2
Frillish,1
Jellicent,2
Alomomola,1
Joltik,1
Galvantula,2
Ferroseed,1
Ferrothorn,2
Klink,1
Klang,2
Klinklang,3
Tynamo,1
Eelektrik,2
Eelektross,3
Elgyem,1
Beheeyem,2
Litwick,1
Lampent,2
Chandelure,3
Axew,1
Fraxure,2
Haxorus,3
Cubchoo,1
Beartic,2
Cryogonal,1
Shelmet,1
Accelgor,2
Stunfisk,1
Mienfoo,1
Mienshao,2
Druddigon,1
Golett,1
Golurk,2
Pawniard,1
Bisharp,2
Kingambit,3
Bouffalant,1
Rufflet,1
Braviary,2
Vullaby,1
Mandibuzz,2
Heatmor,1
Durant,1
Deino,1
Zweilous,2
Hydreigon,3
Larvesta,1
Volcarona,2
Cobalion,1
Terrakion,1
Virizion,1
Tornadus,1
Thundurus,1
Reshiram,1
Zekrom,1
Landorus,1
Kyurem,1
Keldeo,1
Meloetta,1
Genesect,1
Chespin,1
Quilladin,2
Chesnaught,3
Fennekin,1
Braixen,2
Delphox,3
Froakie,1
Frogadier,2
Greninja,3
Bunnelby,1
Diggersby,2
Fletchling,1
Fletchinder,2
Talonflame,3
Scatterbug,1
Spewpa,2
Vivillon,3
Litleo,1
Pyroar,2
Flabebe,1
Floette,2
Florges,3
Skiddo,1
Gogoat,2
Pancham,1
Pangoro,2
Furfrou,1
Espurr,1
Meowstic,2
Honedge,1
Doublade,2
Aegislash,3
Spritzee,1
Aromatisse,2
Swirlix,1
Slurpuff,2
Inkay,1
Malamar,2
Binacle,1
Barbaracle,2
Skrelp,1
Dragalge,2
Clauncher,1
Clawitzer,2
Helioptile,1
Heliolisk,2
Tyrunt,1
Tyrantrum,2
Amaura,1
Aurorus,2
Hawlucha,1
Dedenne,1
Carbink,1
Goomy,1
Sliggoo,2
Goodra,3
Klefki,1
Phantump,1
Trevenant,2
Pumpkaboo,1
Gourgeist,2
Bergmite,1
Avalugg,2
Noibat,1
Noivern,2
Xerneas,1
Yveltal,1
Zygarde,1
Diancie,1
Hoopa,1
Volcanion,1
Rowlet,1
Dartrix,2
Decidueye,3
Litten,1
Torracat,2
Incineroar,3
Popplio,1
Brionne,2
Primarina,3
Pikipek,1
Trumbeak,2
Toucannon,3
Yungoos,1
Gumshoos,2
Grubbin,1
Charjabug,2
Vikavolt,3
Crabrawler,1
Crabominable,2
Oricorio,1
Cutiefly,1
Ribombee,2
Rockruff,1
Lycanroc,2
Wishiwashi,1
Mareanie,1
Toxapex,2
Mudbray,1
Mudsdale,2
Dewpider,1
Araquanid,2
Fomantis,1
Lurantis,2
Morelull,1
Shiinotic,2
Salandit,1
Salazzle,2
Stufful,1
Bewear,2
Bounsweet,1
Steenee,2
Tsareena,3
Comfey,1
Oranguru,1
Passimian,1
Wimpod,1
Golisopod,2
Sandygast,1
Palossand,2
Pyukumuku,1
Type-null,1
Silvally,2
Minior,1
Komala,1
Turtonator,1
Togedemaru,1
Mimikyu,1
Bruxish,1
Drampa,1
Dhelmise,1
Jangmo-o,1
Hakamo-o,2
Kommo-o,3
Tapu-koko,1
Tapu-lele,1
Tapu-bulu,1
Tapu-fini,1
Cosmog,1
Cosmoem,2
Solgaleo,3
Lunala,3
Nihilego,1
Buzzwole,1
Pheromosa,1
Xurkitree,1
Celesteela,1
Kartana,1
Guzzlord,1
Necrozma,1
Magearna,1
Marshadow,1
Poipole,1
Naganadel,2
Stakataka,1
Blacephalon,1
Zeraora,1
Meltan,1
Melmetal,1
Grookey,1
Thwackey,2
Rillaboom,3
Scorbunny,1
Raboot,2
Cinderace,3
Sobble,1
Drizzile,2
Inteleon,3
Skwovet,1
Greedent,2
Rookidee,1
Corvisquire,2
Corviknight,3
Blipbug,1
Dottler,2
Orbeetle,3
Nickit,1
Thievul,2
Gossifleur,1
Eldegoss,2
Wooloo,1
Dubwool,2
Chewtle,1
Drednaw,2
Yamper,1
Boltund,2
Rolycoly,1
Carkol,2
Coalossal,3
Applin,1
Flapple,2
Appletun,2
Dipplin,2
Hydrapple,3
Silicobra,1
Sandaconda,2
Cramorant,1
Arrokuda,1
Barraskewda,2
Toxel,1
Toxtricity,2
Sizzlipede,1
Centiskorch,2
Clobbopus,1
Grapploct,2
Sinistea,1
Polteageist,2
Hatenna,1
Hattrem,2
Hatterene,3
Impidimp,1
Morgrem,2
Grimmsnarl,3
Milcery,1
Alcremie,2
Falinks,1
Pincurchin,1
Snom,1
Frosmoth,2
Stonjourner,1
Eiscue,1
Indeedee,1
Morpeko,1
Cufant,1
Copperajah,2
Dracozolt,1
Arctozolt,1
Dracovish,1
Arctovish,1
Duraludon,1
Archaludon,2
Dreepy,1
Drakloak,2
Dragapult,3
Zacian,1
Zamazenta,1
Eternatus,1
Kubfu,1
Urshifu,2
Zarude,1
Regieleki,1
Regidrago,1
Glastrier,1
Spectrier,1
Calyrex,1
Enamorus,1
Sprigatito,1
Floragato,2
Meowscarada,3
Fuecoco,1
Crocalor,2
Skeledirge,3
Quaxly,1
Quaxwell,2
Quaquaval,3
Lechonk,1
Oinkologne,2
Tarountula,1
Spidops,2
Nymble,1
Lokix,2
Pawmi,1
Pawmo,2
Pawmot,3
Tandemaus,1
Maushold,2
Fidough,1
Dachsbun,2
Smoliv,1
Dolliv,2
Arboliva,3
Squawkabilly,1
Nacli,1
Naclstack,2
Garganacl,3
Charcadet,1
Armarouge,2
Ceruledge,2
Tadbulb,1
Bellibolt,2
Wattrel,1
Kilowattrel,2
Maschiff,1
Mabosstiff,2
Shroodle,1
Grafaiai,2
Bramblin,1
Brambleghast,2
Toedscool,1
Toedscruel,2
Klawf,1
Capsakid,1
Scovillain,2
Rellor,1
Rabsca,2
Flittle,1
Espathra,2
Tinkatink,1
Tinkatuff,2
Tinkaton,3
Wiglett,1
Wugtrio,2
Bombirdier,1
Finizen,1
Palafin,2
Varoom,1
Revavroom,2
Cyclizar,1
Orthworm,1
Glimmet,1
Glimmora,2
Greavard,1
Houndstone,2
Flamigo,1
Cetoddle,1
Cetitan,2
Veluza,1
Dondozo,1
Tatsugiri,1
Great-tusk,1
Scream-tail,1
Brute-bonnet,1
Flutter-mane,1
Slither-wing,1
Sandy-shocks,1
Iron-treads,1
Iron-bundle,1
Iron-hands,1
Iron-jugulis,1
Iron-moth,1
Iron-thorns,1
Frigibax,1
Arctibax,2
Baxcalibur,3
Gimmighoul,1
Gholdengo,2
Wo-chien,1
Chien-pao,1
Ting-lu,1
Chi-yu,1
Roaring-moon,1
Iron-valiant,1
Koraidon,1
Miraidon,1
Walking-wake,1
Iron-leaves,1
Poltchageist,1
Sinistcha,2
Okidogi,1
